"The nature of the physical world, by Arthur Stanley Eddington",72963,Failed to download after 2 attempts
"The A B C of atoms, by Bertrand Russell",72875,Failed to download after 2 attempts
"On the Constitution of Atoms and Molecules, by Niels Bohr",72787,Failed to download after 2 attempts
Not Used,72193,Failed to download after 2 attempts
"The foundations of Einstein's theory of gravitation, by Erwin Freundlich",70793,Failed to download after 2 attempts
Not Used,70187,Failed to download after 2 attempts
Not Used,70080,Failed to download after 2 attempts
Not Used,70051,Failed to download after 2 attempts
"Recent research on radioactivity, by Pierre Curie",69635,Failed to download after 2 attempts
"The calculus of logic, by George Boole",69512,Failed to download after 2 attempts
Not Used,68960,Failed to download after 2 attempts
"Children of China, by Colin Campbell Brown",62625,Failed to download after 1 attempts
Not Used,61631,Failed to download after 1 attempts
Not Used,61474,Failed to download after 1 attempts
Not Used,58872,Failed to download after 1 attempts
"Children of Wild Australia, by Herbert Pitts",58098,Failed to download after 1 attempts
"Assassination of President John F. Kennedy, Vol. 13 of 15,",1964,Failed to download after 1 attempts
"Assassination of President John F. Kennedy, Vol. 14 of 15,",1964,Failed to download after 1 attempts
"The Clock Struck One, by Fergus Hume",55689,Failed to download after 1 attempts
"The Irish Penny Journal, Vol. 1 No. 49, June 5, 1841, by Various",55460,Failed to download after 1 attempts
"Poems, by William Anderson",54505,Failed to download after 1 attempts
"The Banner Boy Scouts in the Air, by George A. Warren",52394,Failed to download after 1 attempts
"Elementary Principles of Statistical Mechanics, by Josiah Willard Gibbs",50992,Failed to download after 1 attempts
"On Multiple Algebra, by Josiah Willard Gibbs",50977,Failed to download after 1 attempts
"Treatise on Thermodynamics, by Max Planck",50880,Failed to download after 1 attempts
"Non-religion of the Future: A Sociological Study, by Jean-Marie Guyau",47421,Failed to download after 1 attempts
"Assassination of President John F. Kennedy, Vol. 12 of 15,",1964,Failed to download after 1 attempts
"Assassination of President John F. Kennedy, Vol. 11 of 15,",1964,Failed to download after 1 attempts
"Assassination of President John F. Kennedy, Vol. 10 of 15,",1964,Failed to download after 1 attempts
"Assassination of President John F. Kennedy, Vol. 9 of 15,",1964,Failed to download after 1 attempts
"Assassination of President John F. Kennedy, Vol. 8 of 15,",1964,Failed to download after 1 attempts
"Assassination of President John F. Kennedy, Vol. 7 of 15,",1964,Failed to download after 1 attempts
"Assassination of President John F. Kennedy, Vol. 6 of 15,",1964,Failed to download after 1 attempts
"Assassination of President John F. Kennedy, Vol. 5 of 15,",1964,Failed to download after 1 attempts
"Assassination of President John F. Kennedy, Vol. 4 of 15,",1964,Failed to download after 1 attempts
"Assassination of President John F. Kennedy, Vol. 3 of 15,",1964,Failed to download after 1 attempts
"Assassination of President John F. Kennedy, Vol. 2 of 15,",1964,Failed to download after 1 attempts
"Assassination of President John F. Kennedy, Vol. 1 of 15,",1964,Failed to download after 1 attempts
"Introduction to Mathematical Philosophy, by Bertrand Russell",41654,Failed to download after 1 attempts
"An Introduction to Mathematics, by Alfred North Whitehead",41568,Failed to download after 1 attempts
"Beethoven's Symphonies Critically Discussed, by Alexander Teetgen",40849,Failed to download after 1 attempts
"Theory of Groups of Finite Order, by William Burnside",40395,Failed to download after 1 attempts
"On the study and difficulties of mathematics, by Augustus De Morgan",39088,Failed to download after 1 attempts
"The Integration of Functions of a Single Variable, by G. H. Hardy",38993,Failed to download after 1 attempts
"Lawrence Clavering, by Alfred Edward Woodley Mason",38718,Failed to download after 1 attempts
"Euclid's Book on Divisions of Figures, by Raymond Clare Archibald",38640,Failed to download after 1 attempts
Not Used,38200,Failed to download after 1 attempts
"Science and hypothesis, by Henri Poincar?",37157,Failed to download after 1 attempts
"The First Steps in Algebra, by George Albert Wentworth",36670,Failed to download after 1 attempts
Not Used,36169,Failed to download after 1 attempts
"The Evanston Colloquium Lectures on Mathematics, by Felix Klein",36154,Failed to download after 1 attempts
"New York, by James Fenimore Cooper",36097,Failed to download after 1 attempts
"The Thistle and the Cedar of Lebanon, by Habeeb Risk Allah",35322,Failed to download after 1 attempts
"A New Astronomy, by David Peck Todd",35261,Failed to download after 1 attempts
"Plane Geometry, by George Albert Wentworth",33063,Failed to download after 1 attempts
"The Theory of the Relativity of Motion, by Richard Chace Tolman",32857,Failed to download after 1 attempts
"A Treatise on Probability, by John Maynard Keynes",32625,Failed to download after 1 attempts
"An Introduction to Astronomy, by Forest Ray Moulton",32000,Failed to download after 1 attempts
"Mathematical Geography, by Willis E. Johnson",31344,Failed to download after 1 attempts
"A Short Account of the History of Mathematics, by W. W. Rouse Ball",31246,Failed to download after 1 attempts
"A History of Mathematics, by Florian Cajori",31061,Failed to download after 1 attempts
Not Used,30360,Failed to download after 1 attempts
"First Course in the Theory of Equations, by Leonard Eugene Dickson",29785,Failed to download after 1 attempts
"Audio: Around the World in Eighty Days, by Jules Verne",28947,Failed to download after 1 attempts
"Audio: Gulliver's Travels, by Jonathan Swift",28946,Failed to download after 1 attempts
"Audio: Scaramouche, by Rafael Sabatini",28945,Failed to download after 1 attempts
"Audio: Captain Blood, by Rafael Sabatini",28944,Failed to download after 1 attempts
"Audio: Dorothy Dale - A Girl of Today, by Margaret Penrose",28943,Failed to download after 1 attempts
"Audio: The Junior Classics, Vol 1, by William Patten",28942,Failed to download after 1 attempts
"Audio: The Princess and the Goblin, by George MacDonald",28941,Failed to download after 1 attempts
"Audio: Stalky and Co., by Rudyard Kipling",28940,Failed to download after 1 attempts
"Audio: This Side of Paradise, by F. Scott Fitzgerald",28939,Failed to download after 1 attempts
"Audio: War and Peace, Book 1 by Leo Tolstoy",28920,Failed to download after 1 attempts
Audio: Frenzied Fiction by Stephen Leacock,28919,Failed to download after 1 attempts
Audio: From the Earth to the Moon by Jules Verne,28918,Failed to download after 1 attempts
Audio: Carmilla by Joseph Sheridan LeFanu,28917,Failed to download after 1 attempts
Audio: Some Turns of Thought in Modern Philosophy by George Santayana,28916,Failed to download after 1 attempts
"Audio: Voodoo Planet, by Andre Norton",28913,Failed to download after 1 attempts
"Audio: Anthem, by Ayn Rand",28912,Failed to download after 1 attempts
"Audio: The Book of Tea, by Okakura Kakuzo",28911,Failed to download after 1 attempts
"Audio: The Philosophy of Style, by Herbert Spencer",28909,Failed to download after 1 attempts
"Audio: A Dream within a Dream, by Edgar Allan Poe",28908,Failed to download after 1 attempts
"Audio: Book of Philemon, by Rufus by Paul",28907,Failed to download after 1 attempts
"Audio: Good Things to Eat as Suggested by Rufus, by Rufus Estes",28845,Failed to download after 1 attempts
Audio: The Souls of Black Folk by W. E. B. Du Bois,28844,Failed to download after 1 attempts
"Audio: Youth, a Narrative by Joseph Conrad",28843,Failed to download after 1 attempts
"Audio: Don Quixote, Volume 1, by Miguel de Cervantes Saavedra",28842,Failed to download after 1 attempts
Audio: Current Superstitions by Fanny Dickerson Bergen,28841,Failed to download after 1 attempts
Audio: The Island of Dr. Moreau by H. G. Wells,28840,Failed to download after 1 attempts
Audio: Clue of the Twisted Candle by Edgar Wallace,28839,Failed to download after 1 attempts
Audio: The Getting of Wisdom by Henry Handel Richardson,28838,Failed to download after 1 attempts
Audio: Ballads of a Bohemian by Robert W. Service,28836,Failed to download after 1 attempts
"Audio: Barchester Towers, by Anthony Trollope",28811,Failed to download after 1 attempts
"Audio: The Devil's Pool, by George Sand",28810,Failed to download after 1 attempts
"Audio: Plague Ship, by Andre Norton",28809,Failed to download after 1 attempts
"Audio: The Scarlet Pimpernel, by Baroness Emmuska Orczy",28808,Failed to download after 1 attempts
"Audio: The Story of My Life, by Helen Keller",28807,Failed to download after 1 attempts
"Audio: The Story of the Middle Ages, by Samuel B. Harding",28806,Failed to download after 1 attempts
"Audio: The Spinster Book, by Myrtle Reed",28799,Failed to download after 1 attempts
"Audio: Pollyanna, by Eleanor H. Porter",28798,Failed to download after 1 attempts
"Audio: The Odyssey, by Homer",28797,Failed to download after 1 attempts
"Audio: Otto of the Silver Hand, by Howard Pyle",28795,Failed to download after 1 attempts
"Audio: Moby Dick, or the Whale, by Herman Melville",28794,Failed to download after 1 attempts
"Audio: Oomphel in the Sky, by H. Beam Piper",28793,Failed to download after 1 attempts
"Audio: Omnilingual, by H. Beam Piper",28792,Failed to download after 1 attempts
"Audio: Legend Land, Volume 1 and 2, by Various",28782,Failed to download after 1 attempts
"Audio: Extracts from Adam's Diary, by Mark Twain",28781,Failed to download after 1 attempts
"Audio: Life in the Clearings, by Susanna Moodie",28762,Failed to download after 1 attempts
"Audio: Life in Mexico, by Frances Colderon de la Barca",28761,Failed to download after 1 attempts
"Audio: Familiar Letters on Chemistry, by Justus Liebig,",28739,Failed to download after 1 attempts
"Audio: Bohemian San Francisco, by Clarence Edwords",28738,Failed to download after 1 attempts
"Audio: At the Back of the North Wind, by George MacDonald",28737,Failed to download after 1 attempts
"Audio: The Antichrist, by Friedrich Nietzsche",28734,Failed to download after 1 attempts
"Audio: The Adventures of Sherlock Holmes, by Sir Arthur Conan Doyle",28733,Failed to download after 1 attempts
"Audio: The Monkey's Paw, by W. W. Jacobs",28731,Failed to download after 1 attempts
Not Used,28520,Failed to download after 1 attempts
"Mathematical Recreations and Essays, by W. W. Rouse Ball",26839,Failed to download after 1 attempts
"Audio: The Yosemite, by John Muir",26592,Failed to download after 1 attempts
"Audio: Wonderwings and other Fairy Stories, by Edith Howes",26591,Failed to download after 1 attempts
"Audio: A Vindication of the Rights of Woman, by Mary Wollstonecraft",26590,Failed to download after 1 attempts
"Audio: The Story of the Treasure Seekers, by E. Nesbit",26589,Failed to download after 1 attempts
"Audio: Le tour du monde en quatre-vingts jours, by Jules Verne",26588,Failed to download after 1 attempts
"Audio: The Paradise Mystery, by J. S. Fletcher",26587,Failed to download after 1 attempts
"Audio: Studies in Pessimism, by Arthur Schopenhauer",26586,Failed to download after 1 attempts
"Audio: Perpetual Peace: A Philosophic Essay, by Immanuel Kant",26585,Failed to download after 1 attempts
"Audio: Night and Day, by Virginia Woolf",26584,Failed to download after 1 attempts
"Audio: Michael O'Halloran, by Gene Stratton-Porter",26582,Failed to download after 1 attempts
"Audio: Master and Man, by Leo Tolstoy",26581,Failed to download after 1 attempts
"Audio: Many Voices, by E. Nesbit",26580,Failed to download after 1 attempts
"Audio: Love Among the Chickens, by P. G. Wodehouse",26579,Failed to download after 1 attempts
"Audio: Little Wars, by H. G. Wells",26578,Failed to download after 1 attempts
"Audio: How to Speak and Write Correctly, by Joseph Devlin",26577,Failed to download after 1 attempts
"Audio: Selected Lullabies, by Eugene Field",26575,Failed to download after 1 attempts
"Audio: On the Duty of Civil Disobedience, by Henry David Thoreau",26573,Failed to download after 1 attempts
"Audio: What Men Live By and Other Tales, by Leo Tolstoy",26472,Failed to download after 1 attempts
"Audio: Spoon River Anthology, by Edgar Lee Masters",26471,Failed to download after 1 attempts
"Audio: The Red House Mystery, by A. A. Milne",26470,Failed to download after 1 attempts
"Audio: Rainbow Valley, by Lucy Maud Montgomery",26469,Failed to download after 1 attempts
"Audio: The Middle Temple Murder, by J. S. Fletcher",26468,Failed to download after 1 attempts
"Audio: The Merry Adventures of Robin Hood, by Howard Pyle",26467,Failed to download after 1 attempts
"Audio: Idle Thoughts of an Idle Fellow, by Jerome K Jerome",26466,Failed to download after 1 attempts
"Audio: The Harvester, by Gene Stratton-Porter",26465,Failed to download after 1 attempts
"Audio: Gawayne and the Green Knight, by Charlton Miner Lewis",26464,Failed to download after 1 attempts
"Audio: The Garden Party, by Katherine Mansfield",26463,Failed to download after 1 attempts
"Audio: The Foolish Dictionary, by Gideon Wurdz",26462,Failed to download after 1 attempts
"Audio: Five Sci-Fi Short Stories, by H. Beam Piper",26461,Failed to download after 1 attempts
"Audio: English Fairy Tales, by Joseph Jacobs",26460,Failed to download after 1 attempts
"Audio: A Child's Garden of Verses, by Robert Louis Stevenson",26459,Failed to download after 1 attempts
"Audio: Age of Innocence, by Edith Wharton",26458,Failed to download after 1 attempts
"The Elements of non-Euclidean Geometry, by Julian Lowell Coolidge",26373,Failed to download after 1 attempts
"Audio: The Stolen White Elephants, by Mark Twain",26304,Failed to download after 1 attempts
"Audio: Right Ho, Jeeves, by P.G. Wodehouse",26303,Failed to download after 1 attempts
"Audio: The Theory of Social Revolutions, by Brooks Adams",26302,Failed to download after 1 attempts
"Audio: Pride and Prejudice, by Jane Austen",26301,Failed to download after 1 attempts
"Audio: Peter the Great, by Jacob Abbott",26300,Failed to download after 1 attempts
"Audio: Onder Moeders Vleugels, by Louisa May Alcott",26299,Failed to download after 1 attempts
"Audio: The Metamorphosis, by Franz Kafka",26298,Failed to download after 1 attempts
"Audio: Little Women, by Louisa May Alcott",26297,Failed to download after 1 attempts
"Audio: Les mille et une nuits, tome premier, by Antoine Galland",26296,Failed to download after 1 attempts
"Audio: The Wind in the Willows, by Kenneth Grahame",26293,Failed to download after 1 attempts
"Audio: War of the Worlds, by H.G. Wells",26291,Failed to download after 1 attempts
"Audio: War of the Worlds, by H.G. Wells",26290,Failed to download after 1 attempts
"Audio: Walden, by Henry David Thoreau",26289,Failed to download after 1 attempts
"Audio: To His Coy Mistress, by Andrew Marvell",26288,Failed to download after 1 attempts
"Audio: The Warden, by Anthony Trollope",26287,Failed to download after 1 attempts
"Audio: The Velveteen Rabbit, by Margery Williams",26286,Failed to download after 1 attempts
"Audio: The Turn of the Screw, by Henry James",26285,Failed to download after 1 attempts
"Audio: The Swiss Family Robinson, by Johann David Wyss",26274,Failed to download after 1 attempts
"Audio: The Story Girl, by Lucy Maud Montgomery",26273,Failed to download after 1 attempts
"Audio: The Spy, by James Fenimore Cooper",26272,Failed to download after 1 attempts
"Audio: The Slant Book, by Peter Newell",26271,Failed to download after 1 attempts
"Audio: The Sermon on the Mount, by Unknown",26270,Failed to download after 1 attempts
"Audio: Silas Mariner, by George Eliot",26269,Failed to download after 1 attempts
"Audio: Romeo and Juliet, by William Shakespeare",26268,Failed to download after 1 attempts
"Audio: The Romance of Rubber, by US Rubber Company",26267,Failed to download after 1 attempts
"Audio: The Rocket Book, by Peter Newell",26266,Failed to download after 1 attempts
"Audio: Rilla of Ingleside, by Lucy Maud Montgomery",26265,Failed to download after 1 attempts
"Audio: The Return of the Native, by Thomas Hardy",26264,Failed to download after 1 attempts
"Utility of Quaternions in Physics, by Alexander McAulay",26262,Failed to download after 1 attempts
"Audio: The Prince, by Nicolo Machiavelli",26253,Failed to download after 1 attempts
"Audio: The Prince and the Pauper, by Mark Twain",26252,Failed to download after 1 attempts
"Audio: Magna Carta, by Unknown",26251,Failed to download after 1 attempts
"Audio: Lincoln at Cooper Union, by Abraham Lincoln",26250,Failed to download after 1 attempts
"Audio: The Light Princess, by George MacDonald",26249,Failed to download after 1 attempts
"Audio: Life: A Poem 21, by Emily Dickinson",26248,Failed to download after 1 attempts
"Audio: The Invisible Man, by H.G. Wells",26246,Failed to download after 1 attempts
"Audio: The History of the Peloponnesian War, by Thucydides",26245,Failed to download after 1 attempts
"Audio: The Picture of Dorian Gray, by Oscar Wilde",26230,Failed to download after 1 attempts
"Audio: The Congo, by Vachel Lindsay",26229,Failed to download after 1 attempts
"Audio: Candide, by Voltaire",26228,Failed to download after 1 attempts
"Audio: Book of Jonah, by Unknown",26227,Failed to download after 1 attempts
"Audio: The Importance of Being Earnest, by Oscar Wilde",26226,Failed to download after 1 attempts
"Audio: Fifteen Thousand Useful Phrases, by Genville Kleiser",26225,Failed to download after 1 attempts
"Audio: King Lear, by William Shakespeare",26224,Failed to download after 1 attempts
"Audio: Just So Stories, by Rudyard Kipling",26223,Failed to download after 1 attempts
"Audio: The Imitation of Christ, by Thomas a Kempis",26222,Failed to download after 1 attempts
"Audio: The Golden Road, by Lucy Maud Montgomery",26221,Failed to download after 1 attempts
"Audio: A Girl of the Limberlost, by Gene Stratton-Porter",26220,Failed to download after 1 attempts
"Audio: The Dog Crusoe and His Master, by Robert Michael Ballantyne",26219,Failed to download after 1 attempts
"Audio: Fenimore Cooper's Literary Offenses, by Mark Twain",26213,Failed to download after 1 attempts
"Audio: Chocolate; or, An Indian Drinke, by Antonio Colmenero de Ledesma",26212,Failed to download after 1 attempts
"Audio: The Adventures of Tom Sawyer, by Mark Twain",26203,Failed to download after 1 attempts
"Audio: Sadhana, the Realisation of Life, by Rabindranath Tagore",26202,Failed to download after 1 attempts
"Audio: The Story of Doctor Doolittle, by Hugh Lofting",26201,Failed to download after 1 attempts
"Audio: The Gettysburg Address, by Abraham Lincoln",26200,Failed to download after 1 attempts
"Mathematical Essays and Recreations, by Hermann Schubert",25387,Failed to download after 1 attempts
"An Introduction to Nonassociative Algebras, by R. D. Schafer",25156,Failed to download after 1 attempts
"Audio: Sonnet 130, by William Shakespeare",24036,Failed to download after 1 attempts
"Audio: The Velveteen Rabbit, by Margery Williams",23980,Failed to download after 1 attempts
"Audio: Leaves of Grass, by Walt Whitman",23979,Failed to download after 1 attempts
"Audio: Uber die Weiber, by Arthur Schopenhauer",23978,Failed to download after 1 attempts
"Audio: The Little Lame Prince, by Miss Mulock",23977,Failed to download after 1 attempts
"Audio: White Fang, by Jack London",23976,Failed to download after 1 attempts
"Audio: Spirits in Bondage, by C.S. Lewis",23975,Failed to download after 1 attempts
"Audio: The Tao Teh King, or the Tao and its Characteristics, by Lao-Tze",23974,Failed to download after 1 attempts
"Audio: Sonnets, by William Shakespeare",23970,Failed to download after 1 attempts
"Audio: Typee, by Herman Melville",23969,Failed to download after 1 attempts
"Audio: If, by Rudyard Kipling",23967,Failed to download after 1 attempts
"Audio: The Song My Paddle Sings, by E. Pauline Johnson",23966,Failed to download after 1 attempts
"Audio: The Legend of Sleepy Hollow, by Washington Irving",23965,Failed to download after 1 attempts
"Audio: Sara Crewe, by Frances Hodgson Burnett",23964,Failed to download after 1 attempts
"Audio: The Happy Prince and Other Tales, by Oscar Wilde",23937,Failed to download after 1 attempts
"Audio: Treasure Island, by Robert Louis Stevenson",23936,Failed to download after 1 attempts
"Audio: Sonnet 23, by William Shakespeare",23935,Failed to download after 1 attempts
"Audio: The Road, by Siegfried Sassoon",23934,Failed to download after 1 attempts
"Audio: 'Twas the Night Before Christmas, by Clement C. Moore",23933,Failed to download after 1 attempts
"Audio: The Communist Manifesto, by Karl Marx and Friedrich Engels",23905,Failed to download after 1 attempts
"Audio: The Open Library, by Brewster Kahle",23904,Failed to download after 1 attempts
"Audio: The Constitution of the United States of America, 1787",23903,Failed to download after 1 attempts
"Audio: The Cow, by Robert Louis Stevenson",23902,Failed to download after 1 attempts
"Audio: The Raven, by Edgar Allan Poe",23901,Failed to download after 1 attempts
"Audio: In Flanders Fields, by John McCrae",23900,Failed to download after 1 attempts
"Audio: Psmith in the City, by P.G. Wodehouse",23899,Failed to download after 1 attempts
"Audio: Old Christmas, by Washington Irving",23898,Failed to download after 1 attempts
"Audio: The Owl and the Pussycat, by Edward Lear",23897,Failed to download after 1 attempts
"Audio: The Secret Agent, by Joseph Conrad",23896,Failed to download after 1 attempts
"Audio: The Awakening, by Kate Chopin",23724,Failed to download after 1 attempts
"Audio: The Man Who was Thursday, A Nightmare, by G.K. Chesterton",23723,Failed to download after 1 attempts
"Audio: The Canterbury Tales, by Geoffrey Chaucer",23722,Failed to download after 1 attempts
"Audio: To Lesbia, by Caius Valerius Catullus",23720,Failed to download after 1 attempts
"Audio: The Gospel According to St. Matthew, by Saint Matthew",23719,Failed to download after 1 attempts
"Audio: Through the Looking-Glass, by Lewis Carroll",23718,Failed to download after 1 attempts
"Audio: Jabberwocky, by Lewis Carroll",23717,Failed to download after 1 attempts
"Audio: Alice's Adventures in Wonderland, by Lewis Carroll",23716,Failed to download after 1 attempts
"Audio: Warlord of Kor, by Terry Carr",23715,Failed to download after 1 attempts
"Audio: Squirrels and other Fur-Bearers, by John Burroughs",23714,Failed to download after 1 attempts
"Audio: Warlord of Mars, by Edgar Rice Burroughs",23713,Failed to download after 1 attempts
"Audio: Tarzan of the Apes, by Edgar Rice Burroughs",23712,Failed to download after 1 attempts
"Audio: A Little Princess, by Frances Hodgson Burnett",23711,Failed to download after 1 attempts
"Audio: Little Lord Fauntleroy, by Frances Hodgson Burnett",23710,Failed to download after 1 attempts
"Audio: The Burgess Bird Book for Children, by Thorton W. Burgess",23709,Failed to download after 1 attempts
"Audio: The Burgess Animal Book for Children, by Thorton W. Burgess",23708,Failed to download after 1 attempts
"Audio: The Ideal Bartender, by Tom Bullock",23707,Failed to download after 1 attempts
"Audio: Greenmantle, by John Buchan",23706,Failed to download after 1 attempts
"Audio: Seven Wives and Seven Prisons, by L.A. Abbott",23705,Failed to download after 1 attempts
"Audio: The Good Housekeeping Marriage Book, by William F. Bigelow, Ed.",23089,Failed to download after 1 attempts
"Audio: The Loss of the S. S. Titanic, by Lawrence Beesley",23088,Failed to download after 1 attempts
"Audio: The Colors of Space, by Marion Zimmer Bradley",23085,Failed to download after 1 attempts
"Audio: Lady Audley's Secret, by Mary Elizabeth Braddon",23084,Failed to download after 1 attempts
"Audio: Majoor Frans, by Anna Louisa Geertruida Bosboom-Toussaint",23083,Failed to download after 1 attempts
"Audio: Present at a Hanging and Other Ghost Stories, by Ambrose Bierce",23081,Failed to download after 1 attempts
"Audio: The Devil's Dictionary, by Ambrose Bierce",23080,Failed to download after 1 attempts
"Audio: Sonnets from the Portugese, by Elizabeth Barrett Browning",23079,Failed to download after 1 attempts
"Audio: Murder at Bridge, by Anne Austin",23078,Failed to download after 1 attempts
"Audio: Jane Eyre, by Charlotte Bront%",23077,Failed to download after 1 attempts
"Audio: Tik-Tok of Oz, by L. Frank Baum",23076,Failed to download after 1 attempts
"Audio: Ozma of Oz, by L. Frank Baum",23075,Failed to download after 1 attempts
"Audio: The Death of Lord Nelson, by William Beatty, M.D.",22987,Failed to download after 1 attempts
"Audio: Peter Pan, by J. M. Barrie",22984,Failed to download after 1 attempts
"Audio: Molly Make-Believe, by Eleanor Hallowell Abbott",22983,Failed to download after 1 attempts
"Audio: Little Eve Edgarton, by Eleanor Hallowell Abbott",22982,Failed to download after 1 attempts
"Audio: Letters of Two Brides, by Honore de Balzac",22981,Failed to download after 1 attempts
"Audio: The Golden Dream, by R. M. Ballantyne",22980,Failed to download after 1 attempts
"Audio: The Tale of Peter Mink, by Arthur Scott Bailey",22979,Failed to download after 1 attempts
"Audio: The Essays of Francis Bacon, by Francis Bacon",22978,Failed to download after 1 attempts
"Audio: Sense and Sensibility, by Jane Austen",22964,Failed to download after 1 attempts
"Audio: Persuasion, by Jane Austen",22963,Failed to download after 1 attempts
"Audio: Mansfield Park, by Jane Austen",22962,Failed to download after 1 attempts
"Audio: Love and Freindship, by Jane Austen",22954,Failed to download after 1 attempts
"Audio: Lady Susan, by Jane Austen",22953,Failed to download after 1 attempts
"Audio: Tom Swift in the Land of Wonders, by Victor Appleton",22952,Failed to download after 1 attempts
"Audio: Tom Swift and His Aerial Warship, by Victor Appleton",22951,Failed to download after 1 attempts
"Audio: An Englishwoman's Love-Letters, by Anonymous",22950,Failed to download after 1 attempts
"Audio: Winesburg, Ohio, by Sherwood Anderson",22949,Failed to download after 1 attempts
"Audio: Peace On Earth, Good-Will To Dogs, by Eleanor Hallowell Abbott",22947,Failed to download after 1 attempts
"Audio: The Indiscreet Letter, by Eleanor Hallowell Abbott",22946,Failed to download after 1 attempts
"Audio: The Revelation of Saint John, by Saint John",22945,Failed to download after 1 attempts
Audio: Epistle of Jude,22937,Failed to download after 1 attempts
Audio: The Third Epistle of John,22936,Failed to download after 1 attempts
Audio: The Second Epistle of John,22935,Failed to download after 1 attempts
Audio: The First Epistle of John,22934,Failed to download after 1 attempts
Audio: The Second Epistle General of Peter,22933,Failed to download after 1 attempts
Audio: The First Epistle General of Peter,22932,Failed to download after 1 attempts
Audio: The General Epistle of James,22931,Failed to download after 1 attempts
Audio: The Epistle to the Hebrews,22930,Failed to download after 1 attempts
Audio: The Epistle of Philemon,22929,Failed to download after 1 attempts
Audio: The Epistle of Paul to Titus,22864,Failed to download after 1 attempts
Audio: The Second Epistle of Paul the Apostle to Timothy,22863,Failed to download after 1 attempts
Audio: The First Epistle of Paul the Apostle to Timothy,22862,Failed to download after 1 attempts
Audio: The Second Epistle of Paul to the Thessalonians,22861,Failed to download after 1 attempts
Audio: The First Epistle of Paul to the Thessalonians,22860,Failed to download after 1 attempts
Audio: The Song of Songs,22859,Failed to download after 1 attempts
Audio: The Epistle of Paul the Apostle to the Philippians,22858,Failed to download after 1 attempts
Audio: The Second Epistle of Paul the Apostle to the Corinthians,22857,Failed to download after 1 attempts
Audio: The First Epistle of Paul the Apostle to the Corinthians,22856,Failed to download after 1 attempts
Audio: The Gospel According to Saint Mark,22855,Failed to download after 1 attempts
Audio: The Gospel According to Saint John,22854,Failed to download after 1 attempts
Audio: The Epistle of Paul the Apostle to the Galatians,22853,Failed to download after 1 attempts
Audio: The Epistle of Paul the Apostle to the Romans,22852,Failed to download after 1 attempts
Audio: The Epistle of Paul the Apostle to the Ephesians,22851,Failed to download after 1 attempts
Audio: The Epistle of Paul the Apostle to the Colossians,22850,Failed to download after 1 attempts
Audio: The Book of Job,22798,Failed to download after 1 attempts
"Audio: On the Duties of the Clergy, by Saint Ambrose",22789,Failed to download after 1 attempts
"Audio: Little Men, by Louisa May Alcott",22787,Failed to download after 1 attempts
"Audio: Indian Frontier Policy, by General Sir John Adye",22785,Failed to download after 1 attempts
"Audio: Heart of the World, by H. Rider Haggard",22454,Failed to download after 1 attempts
"Audio: How to Live on Twenty-Four Hours a Day, by Arnold Bennett",22453,Failed to download after 1 attempts
"Audio: Howards End, by E. M. Forster",22452,Failed to download after 1 attempts
"Audio: Jack and Jill, by Louisa May Alcott",22451,Failed to download after 1 attempts
"Audio: My Mark Twain, by William Dean Howells",22450,Failed to download after 1 attempts
"Audio: No Thoroughfare, by Charles Dickens",22449,Failed to download after 1 attempts
"Audio: O Pioneers!, by Willa Cather",22448,Failed to download after 1 attempts
Audio: Poems of Gerard Manley Hopkins,22447,Failed to download after 1 attempts
"Audio: Alexander the Great, by Jacob Abbott",22446,Failed to download after 1 attempts
Audio: Robinson Crusoe in Words of One Syllable by Mary Godolphin,22445,Failed to download after 1 attempts
Audio: Selected Poems of Emily Dickinson by Emily Dickinson,22444,Failed to download after 1 attempts
"Audio: Selected Poems of John Clare, Volume 1 by John Clare",22443,Failed to download after 1 attempts
Audio: The Four Million by O. Henry,22442,Failed to download after 1 attempts
Audio: The Frog Prince and Other Stories by Anonymous,22441,Failed to download after 1 attempts
Audio: The Gift of the Magi by O. Henry,22440,Failed to download after 1 attempts
"Audio: The King in Yellow, Part 2 by Robert W. Chambers",22439,Failed to download after 1 attempts
Audio: The Parenticide Club by Ambrose Bierce,22438,Failed to download after 1 attempts
Audio: The Price of Love by Arnold Bennett,22437,Failed to download after 1 attempts
Audio: The Prisoner of Zenda by Anthony Hope,22436,Failed to download after 1 attempts
Audio: The Story of a Stuffed Elephant by Laura Lee Hope,22435,Failed to download after 1 attempts
Audio: The Tale of Timothy Turtle by Arthur Scott Bailey,22434,Failed to download after 1 attempts
Audio: The Fortieth Door by Mary Hastings Bradley,22360,Failed to download after 1 attempts
Audio: The Camp of the Dog by Algernon Blackwood,22349,Failed to download after 1 attempts
Audio: Alexander's Bridge by Willa Sibert Cather,22348,Failed to download after 1 attempts
"Audio: The Wind in the Willows, by Kenneth Grahame",22341,Failed to download after 1 attempts
"Audio: The Wind in the Willows, by Kenneth Grahame",22340,Failed to download after 1 attempts
Audio: Tom Swift and the Visitor From Planet X by Victor Appleton II,22333,Failed to download after 1 attempts
"Audio: War is Kind, by Stephen Crane",21606,Failed to download after 1 attempts
"Audio: Uncle Remus, by Joel Chandler Harris",21605,Failed to download after 1 attempts
"Audio: Three Short Works, by Gustave Flaubert",21604,Failed to download after 1 attempts
"Audio: The Wisdom of Father Brown, by G. K. Chesterton",21603,Failed to download after 1 attempts
"Audio: The Waste Land, by T. S. Eliot",21602,Failed to download after 1 attempts
"Audio: The Vicar of Wakefield, by Oliver Goldsmith",21601,Failed to download after 1 attempts
"Audio: The Rime of the Ancient Mariner, by Samuel Taylor Coleridge",21589,Failed to download after 1 attempts
"Audio: The Reluctant Dragon, by Kenneth Grahame",21588,Failed to download after 1 attempts
"Audio: The Parasite, by Arthur Conan Doyle",21587,Failed to download after 1 attempts
"Audio: The Sign of the Four, by Arthur Conan Doyle",21586,Failed to download after 1 attempts
"Audio: The Secret Garden, by Frances Hodgson Burnett",21585,Failed to download after 1 attempts
"Audio: The Iliad for Boys and Girls, by Alfred J. Church",21584,Failed to download after 1 attempts
"Audio: The Master Key, by L. Frank Baum",21526,Failed to download after 1 attempts
"Audio: The Man Who Knew Too Much, by G. K. Chesterton",21525,Failed to download after 1 attempts
"Audio: Robinson Crusoe, by Daniel Defoe",21524,Failed to download after 1 attempts
"Audio: The King in Yellow, Part One, by Robert W. Chambers",21523,Failed to download after 1 attempts
"Audio: The Innocence of Father Brown, by G.K. Chesterton",21522,Failed to download after 1 attempts
"Audio: The Hunting of the Snark, by Lewis Carroll",21521,Failed to download after 1 attempts
"Audio: The Hound of the Baskervilles, by Sir Arthur Conan Doyle",21520,Failed to download after 1 attempts
"Audio: The Gods of Mars, by Edgar Rice Burroughs",21519,Failed to download after 1 attempts
"Audio: The Glugs of Gosh, by C. J. Dennis",21518,Failed to download after 1 attempts
"Audio: The Diary of a Nobody, by George & Weedon Grossmith",21517,Failed to download after 1 attempts
"Audio: Don Juan: Cantos I, by George Gordon, Lord Byron",21441,Failed to download after 1 attempts
"Audio: Allan Quatermain, by H. Rider Haggard",21440,Failed to download after 1 attempts
"Audio: Badge of Infamy, by Lester Del Rey",21439,Failed to download after 1 attempts
"Audio: King Solomon's Mines, by H. Rider Haggard",21438,Failed to download after 1 attempts
"Audio: North of Boston, by Robert Frost",21437,Failed to download after 1 attempts
"Audio: Poems Every Child, Should Know by Various",21436,Failed to download after 1 attempts
"Audio: Lord Jim, by Joseph Conrad",21435,Failed to download after 1 attempts
"Audio: More Goops and How Not to Be Them, by Gelett Burgess",21370,Failed to download after 1 attempts
"Audio: Ring o' Roses: A Nursery Rhyme Picture Book, by Anonymous",21369,Failed to download after 1 attempts
"Audio: The Life and Adventures of Santa Claus, by L. Frank Baum",21192,Failed to download after 1 attempts
"Audio: Selected Poems, by Robert Frost",21184,Failed to download after 1 attempts
"Audio: When We Two Parted by George Gordon, Lord Byron",21182,Failed to download after 1 attempts
"Audio: Villette, by Charlotte Bronte",21181,Failed to download after 1 attempts
"Audio: Tristan and Iseult, by Joseph Bedier",21180,Failed to download after 1 attempts
"Audio: The Wonderful Wizard of Oz, by L. Frank Baum",21179,Failed to download after 1 attempts
"Audio: The Voice of the Ancient Bard, by William Blake",21178,Failed to download after 1 attempts
"Audio: The Tiger, by William Blake",21177,Failed to download after 1 attempts
"Audio: The Story of the Three Little Pigs, by L. Leslie Brooke",21176,Failed to download after 1 attempts
"Audio: The Rosary, by Florence Louisa Barclay",21175,Failed to download after 1 attempts
"Audio: The Road to Oz, by L. Frank Baum",21174,Failed to download after 1 attempts
"Audio: The Riot Act, by British Parliament",21173,Failed to download after 1 attempts
"Audio: The Purple Cow, by Gelett Burgess",21172,Failed to download after 1 attempts
"Audio: The Pilgrim's Progress, by John Bunyan",21171,Failed to download after 1 attempts
"Audio: The Phantom-Wooer, by Thomas Lovell Beddoes",21170,Failed to download after 1 attempts
"Audio: The Lost Princess of Oz, by L. Frank Baum",21169,Failed to download after 1 attempts
"Audio: The Goop Directory, by Gelett Burgess",21168,Failed to download after 1 attempts
"Audio: The Golden Goose Book, by L. Leslie Brooke",21167,Failed to download after 1 attempts
"Audio: The Flag Goes By, by Henry Holcomb Bennett",21166,Failed to download after 1 attempts
"Audio: The First Battle of Bull Run, by Pierre Beauregard",21165,Failed to download after 1 attempts
"Audio: The Enchanted Island of Yew, by L. Frank Baum",21164,Failed to download after 1 attempts
"Audio: The Emerald City of Oz, by L. Frank Baum",21163,Failed to download after 1 attempts
"Audio: Ten Days in a Madhouse, by Nellie Bly",21162,Failed to download after 1 attempts
"Audio: Sonnet 43, by Elizabeth Barrett Browning",21161,Failed to download after 1 attempts
"Audio: Songs of Innocence and Experience, by William Blake",21160,Failed to download after 1 attempts
"Audio: Sky Island, by L. Frank Baum",21159,Failed to download after 1 attempts
"Audio: Queen Lucia, by Edward Frederic Benson",21157,Failed to download after 1 attempts
"Audio: Selected Lullabies, by Eugene Field",21156,Failed to download after 1 attempts
"Audio: Poet To His Love, by Maxwell Bodenheim",21155,Failed to download after 1 attempts
"Audio: Philosophy and Fun of Algebra, by Mary Everest Boole",21154,Failed to download after 1 attempts
"Audio: On Loving God, by Bernard of Clairvaux",21152,Failed to download after 1 attempts
"Audio: Secret Chambers and Hiding Places, by Allan Fea",21151,Failed to download after 1 attempts
"Audio: Mother Goose in Prose, by L. Frank Baum",21150,Failed to download after 1 attempts
"Audio: Love Conquers All, by Robert Benchley",21146,Failed to download after 1 attempts
"Audio: Johnny Crow's Party, by L. Leslie Brooke",21140,Failed to download after 1 attempts
"Audio: Johnny Crow's Garden, by L. Leslie Brooke",21139,Failed to download after 1 attempts
"Essays on the Theory of Numbers, by Richard Dedekind",21016,Failed to download after 1 attempts
"Audio: Around the World in Seventy-Two Days, by Nellie Bly",20975,Failed to download after 1 attempts
"Audio: Sarrasine by Honor, de Balzac",20691,Failed to download after 1 attempts
Audio: Livre de Ruth by Unknown,20690,Failed to download after 1 attempts
"Audio: Ragged Dick by Horatio Alger, Jr.",20689,Failed to download after 1 attempts
Audio: Psalms - Selections from the World English Bible Translation,20688,Failed to download after 1 attempts
"Audio: Pride and Prejudice, by Jane Austen",20687,Failed to download after 1 attempts
"Audio: Pride and Prejudice, by Jane Austen",20686,Failed to download after 1 attempts
"Audio: Poetics, by Aristotle",20685,Failed to download after 1 attempts
Audio: Peterchens Mondfahrt by Gerdt von Bassewitz,20684,Failed to download after 1 attempts
"Audio: Oku no Hosomichi, by Matsuo Basho",20683,Failed to download after 1 attempts
"Audio: Northanger Abbey, by Jane Austen",20682,Failed to download after 1 attempts
"Audio: Matthew, by Matthew the Evangelist",20681,Failed to download after 1 attempts
Audio: The Key of Gold: 23 Czech Folk Tales,20680,Failed to download after 1 attempts
"Audio: The Heavenly Life, by James Allen",20679,Failed to download after 1 attempts
"Audio: God and the State, by Mikhail Bakunin",20677,Failed to download after 1 attempts
"Audio: Genesis, by Moses",20676,Failed to download after 1 attempts
"Audio: Galatians, by Paul",20675,Failed to download after 1 attempts
"Audio: The Triumphs of Eugene Valmont, by Robert Barr",20674,Failed to download after 1 attempts
Audio: A Christmas Carol by Charles Dickens,20673,Failed to download after 1 attempts
"Audio: The Saga of Eirik the Red, by Anonymous",20672,Failed to download after 1 attempts
"Audio: The Copyright Question, by George Morang",20671,Failed to download after 1 attempts
"Audio: Christmas Short Works Collection 2006, by Various",20605,Failed to download after 1 attempts
"Audio: Christmas Poetry and Hymn Collection, by Various",20604,Failed to download after 1 attempts
"Audio: Christmas Carol Collection 2006, by Various",20603,Failed to download after 1 attempts
"Audio: Cobb's Anatomy, by Irvin Shrewsbury Cobb",20602,Failed to download after 1 attempts
"Audio: Chamber Music, by James Joyce",20601,Failed to download after 1 attempts
"Audio: The Card, by Arnold Bennett",20600,Failed to download after 1 attempts
"Audio: The Canterville Ghost, by Oscar Wilde",20599,Failed to download after 1 attempts
"Audio: Buccaneers and Pirates of Our Coasts, by Frank Richard Stockton",20598,Failed to download after 1 attempts
"Audio: The Ballad of Reading Gaol, by Oscar Wilde",20597,Failed to download after 1 attempts
"Audio: The Ballad of Reading Gaol, by Oscar Wilde",20596,Failed to download after 1 attempts
"Audio: The Awful German Language, by Mark Twain",20595,Failed to download after 1 attempts
"Audio: The Art of War, by Sun Tzu",20594,Failed to download after 1 attempts
"Audio: Anne of Green Gables, by Lucy Maud Montgomery",20593,Failed to download after 1 attempts
"Audio: The Amateur Cracksman, by E.W. Hornung",20592,Failed to download after 1 attempts
"Audio: Aedh Wishes for the Cloths of Heaven, by William Butler Yeats",20591,Failed to download after 1 attempts
"Audio: How to Tell the Birds from the Flowers, by Robert Williams Wood",20278,Failed to download after 1 attempts
Audio: Heidi by Johanna Spyri,20271,Failed to download after 1 attempts
Audio: Heart of Darkness by Joseph Conrad,20270,Failed to download after 1 attempts
Audio: Has a Frog a Soul? by Thomas H. Huxley,20269,Failed to download after 1 attempts
Audio: Baby's Own Aesop by Walter Crane,20268,Failed to download after 1 attempts
Audio: At The Bay by Katherine Mansfield,20267,Failed to download after 1 attempts
Audio: Anthem for Doomed Youth by Wilfred Owen,20266,Failed to download after 1 attempts
"Audio: Anne of the Island, by Lucy Maud Montgomery",20265,Failed to download after 1 attempts
"Diophantine Analysis, by Robert Carmichael",20073,Failed to download after 1 attempts
"Audio: Great Big Treasury of Beatrix Potter, by Beatrix Potter",20049,Failed to download after 1 attempts
"Audio: From October to Brest-Litovsk, by Leon D. Trotsky",20048,Failed to download after 1 attempts
"Audio: Four Max Carrados Detective Stories, by Ernest Bramah",20047,Failed to download after 1 attempts
"Audio: Give Me Liberty or Give Me Death, by Patrick Henry",20046,Failed to download after 1 attempts
"Audio: Ghost Stories of an Antiquary, by Montague Rhodes James",20039,Failed to download after 1 attempts
"Audio: Five Little Peppers and How They Grew, by Margaret Sidney",20037,Failed to download after 1 attempts
"Audio: Five Children and It, by E. Nesbit",20036,Failed to download after 1 attempts
"Audio: Fishing with a Worm, by Bliss Perry",20035,Failed to download after 1 attempts
"Audio: Fire and Ice, by Robert Frost",20030,Failed to download after 1 attempts
"Audio: Fanny Hill: Memoirs of a Woman of Pleasure, by John Cleland",20028,Failed to download after 1 attempts
"Audio: Grimms' Fairy Tales, by Jacob and Wilhelm Grimm",20027,Failed to download after 1 attempts
"Audio: Fables for the Frivolous, by Guy Wetmore Carryl",20026,Failed to download after 1 attempts
"Audio: Twenty Thousand Leagues Under the Sea, by Jules Verne",20000,Failed to download after 1 attempts
"Audio: Book of James, by Unknown",19845,Failed to download after 1 attempts
"Audio: Book of Jude, by Unknown",19844,Failed to download after 1 attempts
"Audio: Book of Judith, by Unknown",19843,Failed to download after 1 attempts
"Audio: _vangile selon Jean, by Anonyme",19842,Failed to download after 1 attempts
"Audio: Eve's Diary, by Mark Twain",19841,Failed to download after 1 attempts
"Audio: Euthyphro, by Plato",19840,Failed to download after 1 attempts
"Audio: Emma, by Jane Austen",19839,Failed to download after 1 attempts
"Audio: Embankment at Night, by D. H. Lawrence",19838,Failed to download after 1 attempts
"Audio: Ecclesiastes, by Unknown",19837,Failed to download after 1 attempts
"Audio: Early Spring, by Fay Inchfawn",19836,Failed to download after 1 attempts
"Audio: Dracula, Bram Stoker",19797,Failed to download after 1 attempts
"Audio: Die schwarze Galeere, by Wilhelm Raabe",19795,Failed to download after 1 attempts
"Audio: Die Leiden des jungen Werther, by Johann Wolfgang von Goethe",19794,Failed to download after 1 attempts
"Audio: Der tolle Mensch, by Friedrich Nietzsche",19793,Failed to download after 1 attempts
"Audio: Der Struwwelpeter, by Heinrich Hoffman",19792,Failed to download after 1 attempts
"Audio: Der Struwwelpeter, by Heinrich Hoffman",19791,Failed to download after 1 attempts
"Audio: Der Schimmelreiter, by Theodor Storm",19790,Failed to download after 1 attempts
"Audio: Denslow's Three Bears, by W.W. Denslow",19788,Failed to download after 1 attempts
"Audio: Declaration of Rights, by Stamp Act Congress",19787,Failed to download after 1 attempts
Audio: Declaration of Independence of the United States of America,19785,Failed to download after 1 attempts
"Audio: Death Be Not Proud, by John Donne",19784,Failed to download after 1 attempts
"Audio: Danse Russe, by Williams Carlos Williams",19783,Failed to download after 1 attempts
"Audio: Daddy-Long-Legs, by Jean Webster",19782,Failed to download after 1 attempts
"Audio: Chrome Yellow, by Aldous Huxley",19686,Failed to download after 1 attempts
"Audio: Country of the Painted Firs, by Sarah Orne Jewett",19685,Failed to download after 1 attempts
"Audio: Columbus, by Joaquin Miller",19684,Failed to download after 1 attempts
"Audio: China and the Chinese, by Herbert Allen Giles",19683,Failed to download after 1 attempts
"Audio: Chapters from My Autobiography, by Mark Twain",19682,Failed to download after 1 attempts
"Audio: Childhood, by Leo Tolstoy",19681,Failed to download after 1 attempts
"Audio: Childhood, by Leo Tolstoy",19680,Failed to download after 1 attempts
"Audio: Cathay, by Li Po",19679,Failed to download after 1 attempts
"Audio: Call of the Wild, by Jack London",19678,Failed to download after 1 attempts
"Audio: Caedmon's Hymn, by Caedmon",19677,Failed to download after 1 attempts
"Audio: Adventures of Huckleberry Finn, by Mark Twain",19640,Failed to download after 1 attempts
"Audio: Book of Esther, by Anonymous",19639,Failed to download after 1 attempts
"Audio: Auf der Galerie, by Franz Kafka",19638,Failed to download after 1 attempts
"Audio: Black Beauty - The Autobiography of a Horse, by Anna Sewell",19637,Failed to download after 1 attempts
"Audio: Bildergeschichten, by Wilhelm Busch",19636,Failed to download after 1 attempts
"Audio: Biblia Sacra Vulgata - Psalmi XXII, by Anonymous",19635,Failed to download after 1 attempts
"Audio: Beyond Good and Evil, by Friedrich Nietzsche",19634,Failed to download after 1 attempts
"Audio: Beowulf, by Anonymous",19633,Failed to download after 1 attempts
"Audio: Barbara Frietchie, by John Greenlead Whittier",19632,Failed to download after 1 attempts
"Audio: Epigramme, by Francois Maynard",19631,Failed to download after 1 attempts
"Audio: Aesop's Fables - Volume 12, by Aesop",19627,Failed to download after 1 attempts
"Audio: Aesop's Fables - Volume 11, by Aesop",19626,Failed to download after 1 attempts
"Audio: Aesop's Fables - Volume 10, by Aesop",19625,Failed to download after 1 attempts
"Audio: Aesop's Fables - Volume 9, by Aesop",19624,Failed to download after 1 attempts
"Audio: Aesop's Fables - Volume 8, by Aesop",19623,Failed to download after 1 attempts
"Audio: Aesop's Fables - Volume 7, by Aesop",19622,Failed to download after 1 attempts
"Audio: Aesop's Fables - Volume 6, by Aesop",19621,Failed to download after 1 attempts
"Audio: Aesop's Fables - Volume 5, by Aesop",19620,Failed to download after 1 attempts
"Audio: Aesop's Fables - Volume 4, by Aesop",19619,Failed to download after 1 attempts
"Audio: Aesop's Fables - Volume 3, by Aesop",19618,Failed to download after 1 attempts
"Audio: Aesop's Fables - Volume 2, by Aesop",19617,Failed to download after 1 attempts
"Audio: Aesop's Fables - Volume 1, by Aesop",19616,Failed to download after 1 attempts
"Audio: A Vagabond Song, by Bliss Carman",19583,Failed to download after 1 attempts
Audio: Amendments to the United States Constitution,19582,Failed to download after 1 attempts
Audio: Amendments to the United States Constitution,19581,Failed to download after 1 attempts
"Audio: An International Episode, by Henry James",19580,Failed to download after 1 attempts
"Audio: American Indian Fairy Tales, by William Trowbridge Larned",19579,Failed to download after 1 attempts
"Audio: A Ballad of John Silver, by John Masefield",19578,Failed to download after 1 attempts
"Audio: Art and Heart, by Ella Wheeler Wilcox",19577,Failed to download after 1 attempts
"Audio: Anne of Green Gables, by Lucy Maud Montgomery",19576,Failed to download after 1 attempts
"Audio: Anne of Avonlea, by Lucy Maud Montgomery",19575,Failed to download after 1 attempts
"Audio: Andersen's Fairy Tales, by Hans Christian Andersen",19574,Failed to download after 1 attempts
"Audio: Alice's Adventures in Wonderland, by Lewis Carroll",19573,Failed to download after 1 attempts
"Audio: Absolute Surrender, by Andrew Murray",19572,Failed to download after 1 attempts
"Audio: A Noiseless Patient Spider, by Walt Whitman",19571,Failed to download after 1 attempts
"Audio: The Adventures of Pinocchio, by C. Collodi",19516,Failed to download after 1 attempts
"Audio: A Princess of Mars, by Edgar Rice Burroughs",19515,Failed to download after 1 attempts
"Audio: A Little Princess, by Frances Hodgson Burnett",19514,Failed to download after 1 attempts
"Audio: A Journey to the Center of the Earth, by Jules Verne",19513,Failed to download after 1 attempts
"Audio: A Modest Proposal, by Jonathan Swift",19508,Failed to download after 1 attempts
"Audio: A Connecticut Yankee in King Arthur's Court, by Mark Twain",19506,Failed to download after 1 attempts
"Audio: A Christmas Carol, by Charles Dickens",19505,Failed to download after 1 attempts
"Audio: A Calendar of Sonnets, by Helen Hunt Jackson",19504,Failed to download after 1 attempts
"Audio: Little Wizard Stories of Oz, by L. Frank Baum",19467,Failed to download after 1 attempts
"Audio: The Marvelous Land of Oz, by L. Frank Baum",19466,Failed to download after 1 attempts
"A Rudimentary Treatise on Clocks, Watches and Bells, by Edmund Beckett",17576,Failed to download after 1 attempts
"The Foundations of Geometry, by David Hilbert",17384,Failed to download after 1 attempts
"Chance and Luck, by Richard Proctor",17224,Failed to download after 1 attempts
"Researches on curves of the second order, by George Whitehead Hearn",17204,Failed to download after 1 attempts
"An Investigation of the Laws of Thought, by George Boole",15114,Failed to download after 1 attempts
"Non-Euclidean Geometry, by Henry Manning",13702,Failed to download after 1 attempts
"The Theory of Numbers, by Robert D. Carmichael",13693,Failed to download after 1 attempts
"Hyperbolic Functions, by James McMahon",13692,Failed to download after 1 attempts
"Vector Analysis and Quaternions, by Alexander Macfarlane",13609,Failed to download after 1 attempts
"British Folk-Music Settings Nr. 4, Shepherd's Hey, by Anonymous",13590,Failed to download after 1 attempts
"String Quartet No. 6 Opus 18, by Ludwig von Beethoven",13473,Failed to download after 1 attempts
"Philosophy and Fun of Algebra, by Mary Everest Boole",13447,Failed to download after 1 attempts
"A First Book in Algebra, by Wallace C. Boyden",13309,Failed to download after 1 attempts
"String Quartet No. 15 Opus 132, by Ludwig von Beethoven",13153,Failed to download after 1 attempts
"String Quartet No. 12 Opus 127, by Ludwig von Beethoven",13078,Failed to download after 1 attempts
"Hand Shadows To Be Thrown Upon The Wall, by Henry Bursill",12962,Failed to download after 1 attempts
"String Quartet No. 3 Opus 18, by Ludwig von Beethoven",12149,Failed to download after 1 attempts
"Human Genome Project, Supplemental Data",11799,Failed to download after 1 attempts
"Human Genome Project, Y Chromosome",11798,Failed to download after 1 attempts
"Human Genome Project, X Chromosome",11797,Failed to download after 1 attempts
"Human Genome Project, Chromosome Number 22",11796,Failed to download after 1 attempts
"Human Genome Project, Chromosome Number 21",11795,Failed to download after 1 attempts
"Human Genome Project, Chromosome Number 20",11794,Failed to download after 1 attempts
"Human Genome Project, Chromosome Number 19",11793,Failed to download after 1 attempts
"Human Genome Project, Chromosome Number 18",11792,Failed to download after 1 attempts
"Human Genome Project, Chromosome Number 17",11791,Failed to download after 1 attempts
"Human Genome Project, Chromosome Number 16",11790,Failed to download after 1 attempts
"Human Genome Project, Chromosome Number 15",11789,Failed to download after 1 attempts
"Human Genome Project, Chromosome Number 14",11788,Failed to download after 1 attempts
"Human Genome Project, Chromosome Number 13",11787,Failed to download after 1 attempts
"Human Genome Project, Chromosome Number 12",11786,Failed to download after 1 attempts
"Human Genome Project, Chromosome Number 11",11785,Failed to download after 1 attempts
"Human Genome Project, Chromosome Number 10",11784,Failed to download after 1 attempts
"Human Genome Project, Chromosome Number 9",11783,Failed to download after 1 attempts
"Human Genome Project, Chromosome Number 8",11782,Failed to download after 1 attempts
"Human Genome Project, Chromosome Number 7",11781,Failed to download after 1 attempts
"Human Genome Project, Chromosome Number 6",11780,Failed to download after 1 attempts
"Human Genome Project, Chromosome Number 5",11779,Failed to download after 1 attempts
"Human Genome Project, Chromosome Number 4",11778,Failed to download after 1 attempts
"Human Genome Project, Chromosome Number 3",11777,Failed to download after 1 attempts
"Human Genome Project, Chromosome Number 2",11776,Failed to download after 1 attempts
"Human Genome Project, Chromosome Number 1",11775,Failed to download after 1 attempts
"String Quartet No. 10 Opus 74, by Ludwig von Beethoven",11755,Failed to download after 1 attempts
"The Algebra of Logic, by Louis Couturat",10836,Failed to download after 1 attempts
"Queen of Hearts, and Sing a Song for Sixpence, by Randolph Caldecott",10634,Failed to download after 1 attempts
"Topsy-Turvy, by Jules Verne",10547,Failed to download after 1 attempts
"Audio: Project Gutenberg Fanfare, by Joel A. Erickson {MP3 audio)",10536,Failed to download after 1 attempts
"Ten British Mathematicians, by Alexander Macfarlane",9942,Failed to download after 1 attempts
"A Primer of Quaternions, by Arthur S. Hathaway",9934,Failed to download after 1 attempts
"A Treatise on the Theory of Invariants, by Oliver E. Glenn",9933,Failed to download after 1 attempts
"Prelude in E Minor, Op. 28, No. 4, by Fryderyk Franciszek Chopin",9392,Failed to download after 1 attempts
"Mystery of Murray Davenport, by Robert Neilson Stephens",9185,Failed to download after 1 attempts
"Missing and presumed lost, see NOTE, below #9116",9142,Failed to download after 1 attempts
"Missing and presumed lost, see NOTE, below #9116",9141,Failed to download after 1 attempts
"Missing and presumed lost, see NOTE, below #9116",9140,Failed to download after 1 attempts
"Missing and presumed lost, see NOTE, below #9116",9139,Failed to download after 1 attempts
"Missing and presumed lost, see NOTE, below #9116",9138,Failed to download after 1 attempts
"Missing and presumed lost, see NOTE, below #9116",9137,Failed to download after 1 attempts
"Missing and presumed lost, see NOTE, below #9116",9136,Failed to download after 1 attempts
"Missing and presumed lost, see NOTE, below #9116",9135,Failed to download after 1 attempts
"Missing and presumed lost, see NOTE, below #9116",9134,Failed to download after 1 attempts
"Missing and presumed lost, see NOTE, below #9116",9133,Failed to download after 1 attempts
"Missing and presumed lost, see NOTE, below #9116",9132,Failed to download after 1 attempts
"Missing and presumed lost, see NOTE, below #9116",9131,Failed to download after 1 attempts
"Missing and presumed lost, see NOTE, below #9116",9130,Failed to download after 1 attempts
"Missing and presumed lost, see NOTE, below #9116",9129,Failed to download after 1 attempts
"Missing and presumed lost, see NOTE, below #9116",9128,Failed to download after 1 attempts
"Missing and presumed lost, see NOTE, below #9116",9127,Failed to download after 1 attempts
"Missing and presumed lost, see NOTE, below #9116",9126,Failed to download after 1 attempts
"Missing and presumed lost, see NOTE, below #9116",9125,Failed to download after 1 attempts
"Missing and presumed lost, see NOTE, below #9116",9124,Failed to download after 1 attempts
"Missing and presumed lost, see NOTE, below #9116",9123,Failed to download after 1 attempts
"Missing and presumed lost, see NOTE, below #9116",9122,Failed to download after 1 attempts
"Missing and presumed lost, see NOTE, below #9116",9121,Failed to download after 1 attempts
"Missing and presumed lost, see NOTE, below #9116",9120,Failed to download after 1 attempts
"Missing and presumed lost, see NOTE, below #9116",9119,Failed to download after 1 attempts
"Missing and presumed lost, see NOTE, below #9116",9118,Failed to download after 1 attempts
"Missing and presumed lost, see NOTE, below #9116",9117,Failed to download after 1 attempts
Not Used,7536,Failed to download after 1 attempts
"String Quartet E Minor, Op. 59, No. 2, by Ludwig van Beethoven",7093,Failed to download after 1 attempts
"String Quartet F Major, Op. 59, No. 1, by Ludwig von Beethoven",7092,Failed to download after 1 attempts
"Michel and Angele: A Ladder of Swords, Vol. 1, by Gilbert Parker",6250,Failed to download after 1 attempts
"Op. 41, No. 1, by Robert Schumann",6084,Failed to download after 1 attempts
"String Quartet in F Major, Op. 74 no.2, by Franz Joseph Haydn",5886,Failed to download after 1 attempts
"String Quartet in C Major, Op. 74 No. 2, Finale, by Franz Joseph Haydn",5714,Failed to download after 1 attempts
"[Reserved: The Arabian Nights Entertainments, Vol. 2, by Anon]",5613,Failed to download after 1 attempts
"Film: Set of 4 Atomic Bomb Tests, by The United States Government",5216,Failed to download after 1 attempts
"Brandenburg Concerto No. 5 in D Major, by Johann Sebastian Bach",5190,Failed to download after 1 attempts
"String Quartet C minor, Op. 51 no. 1, by Johannes Brahms",5189,Failed to download after 1 attempts
"String Quartet in C Major, Op. 71 no. 1, by Franz Josef Haydn",5188,Failed to download after 1 attempts
"Relativity: The Special and General Theory, by Albert Einstein",5001,Failed to download after 1 attempts
"String Quartet No.2 in D, K.155, Finale, by Wolfgang Amadeus Mozart",4751,Failed to download after 1 attempts
"String quartet No.1 in G, K.80, Finale, by Wolfgang Amadeus Mozart",4750,Failed to download after 1 attempts
"Opus 18 No. 1, Finale, by Ludwig van Beethoven",4749,Failed to download after 1 attempts
The Square Root of 4 To A Million Places,3651,Failed to download after 1 attempts
"Human Genome Project, Chromosome Number 24, Y",3524,Failed to download after 1 attempts
"Human Genome Project, Chromosome Number 23, X",3523,Failed to download after 1 attempts
"Human Genome Project, Chromosome Number 22",3522,Failed to download after 1 attempts
"Human Genome Project, Chromosome Number 21",3521,Failed to download after 1 attempts
"Human Genome Project, Chromosome Number 20",3520,Failed to download after 1 attempts
"Human Genome Project, Chromosome Number 19",3519,Failed to download after 1 attempts
"Human Genome Project, Chromosome Number 18",3518,Failed to download after 1 attempts
"Human Genome Project, Chromosome Number 17",3517,Failed to download after 1 attempts
"Human Genome Project, Chromosome Number 16",3516,Failed to download after 1 attempts
"Human Genome Project, Chromosome Number 15",3515,Failed to download after 1 attempts
"Human Genome Project, Chromosome Number 14",3514,Failed to download after 1 attempts
"Human Genome Project, Chromosome Number 13",3513,Failed to download after 1 attempts
"Human Genome Project, Chromosome Number 12",3512,Failed to download after 1 attempts
"Human Genome Project, Chromosome Number 11",3511,Failed to download after 1 attempts
"Human Genome Project, Chromosome Number 10",3510,Failed to download after 1 attempts
"Human Genome Project, Chromosome Number 09",3509,Failed to download after 1 attempts
"Human Genome Project, Chromosome Number 08",3508,Failed to download after 1 attempts
"Human Genome Project, Chromosome Number 07",3507,Failed to download after 1 attempts
"Human Genome Project, Chromosome Number 06",3506,Failed to download after 1 attempts
"Human Genome Project, Chromosome Number 05",3505,Failed to download after 1 attempts
"Human Genome Project, Chromosome Number 04",3504,Failed to download after 1 attempts
"Human Genome Project, Chromosome Number 03",3503,Failed to download after 1 attempts
"Human Genome Project, Chromosome Number 02",3502,Failed to download after 1 attempts
"Human Genome Project, Chromosome Number 01",3501,Failed to download after 1 attempts
Moby Word Lists,3201,Failed to download after 1 attempts
Not Used,3018,Failed to download after 1 attempts
Not used,2879,Failed to download after 1 attempts
Not used,2877,Failed to download after 1 attempts
"Cressy, by Bret Harte",2858,Failed to download after 1 attempts
"Reserved for The Home Book of Verse, Vol. 8, by Burton E. Stevenson",2626,Failed to download after 1 attempts
"Reserved for The Home Book of Verse, Vol. 7, by Burton E. Stevenson",2625,Failed to download after 1 attempts
"Reserved for The Home Book of Verse, Vol. 6, by Burton E. Stevenson",2624,Failed to download after 1 attempts
"Reserved for The Home Book of Verse, Vol. 5, by Burton E. Stevenson",2623,Failed to download after 1 attempts
Reserved For Information about the Human Genome Project,2200,Failed to download after 1 attempts
"Reserved: The Original Writings of Samuel Adams, Volume 1",2091,Failed to download after 1 attempts
"Reserved: 2001, by Arthur C. Clarke",2001,Failed to download after 1 attempts
"Reserved: 1984, by George Orwell (Did it come true?)",1984,Failed to download after 1 attempts
"Reserved for Pietro di Miceli, former PG Webmaster",1964,Failed to download after 1 attempts
Reserved for World War I,1914,Failed to download after 1 attempts
Not Used,1789,Failed to download after 1 attempts
Not Used,1767,Failed to download after 1 attempts
Not Used,1766,Failed to download after 1 attempts
Not Used,1648,Failed to download after 1 attempts
Not Used,1647,Failed to download after 1 attempts
Not Used,1255,Failed to download after 1 attempts
Not Used,1073,Failed to download after 1 attempts
Not Used,1072,Failed to download after 1 attempts
Not Used,1071,Failed to download after 1 attempts
Not Used,1070,Failed to download after 1 attempts
"Alice's Adventures In Wonderland, by Lewis Carroll",928,Failed to download after 1 attempts
Not Used,900,Failed to download after 1 attempts
"One divided by Pi (to 1 million digits), by Yasumasa Kanada",745,Failed to download after 1 attempts
"The Square Root of 10, by Robert Nemiroff and Jerry Bonnell",635,Failed to download after 1 attempts
"The Square Root of 8, by Robert Nemiroff and Jerry Bonnell",632,Failed to download after 1 attempts
"The Square Root of 7, by Robert Nemiroff and Jerry Bonnell",631,Failed to download after 1 attempts
"The Square Root of 6, by Robert Nemiroff and Jerry Bonnell",630,Failed to download after 1 attempts
"The Square Root of 5, by Robert Nemiroff and Jerry Bonnell",629,Failed to download after 1 attempts
"The Square Root of 3, by Robert Nemiroff and Jerry Bonnell",628,Failed to download after 1 attempts
"Radar Map of the United States, by the U. S. Government",239,Failed to download after 1 attempts
Reserved for The Project Gutenberg Encyclopedia,199,Failed to download after 1 attempts
Reserved for The Project Gutenberg Encyclopedia,198,Failed to download after 1 attempts
Reserved for The Project Gutenberg Encyclopedia,197,Failed to download after 1 attempts
Reserved for The Project Gutenberg Encyclopedia,196,Failed to download after 1 attempts
Reserved for The Project Gutenberg Encyclopedia,195,Failed to download after 1 attempts
Reserved for The Project Gutenberg Encyclopedia,194,Failed to download after 1 attempts
Reserved for The Project Gutenberg Encyclopedia,193,Failed to download after 1 attempts
Reserved for The Project Gutenberg Encyclopedia,192,Failed to download after 1 attempts
Reserved for The Project Gutenberg Encyclopedia,191,Failed to download after 1 attempts
Reserved for The Project Gutenberg Encyclopedia,190,Failed to download after 1 attempts
Reserved for The Project Gutenberg Encyclopedia,189,Failed to download after 1 attempts
Reserved for The Project Gutenberg Encyclopedia,188,Failed to download after 1 attempts
Reserved for The Project Gutenberg Encyclopedia,187,Failed to download after 1 attempts
Reserved for The Project Gutenberg Encyclopedia,186,Failed to download after 1 attempts
Reserved for The Project Gutenberg Encyclopedia,185,Failed to download after 1 attempts
Reserved for The Project Gutenberg Encyclopedia,184,Failed to download after 1 attempts
Reserved for The Project Gutenberg Encyclopedia,183,Failed to download after 1 attempts
Reserved for The Project Gutenberg Encyclopedia,182,Failed to download after 1 attempts
"Motion Pictures of the Apollo 11 Lunar Landing, by United States",116,Failed to download after 1 attempts
"Tenniel Illustrations for Alice in Wonderland, by Sir John Tenniel",114,Failed to download after 1 attempts
"The Square Root of 2, by Stan Kerr",52,Failed to download after 1 attempts
